cluster,category,confidence,n_clips,pct_of_data,score_AMBIENT,score_BIO,score_HUMAN
0,AMBIENT,0.7,14524,94.36070686070686,0.7,0.2,0.1
1,BIO,0.75,325,2.1114864864864864,0.1,0.75,0.15
2,BIO,0.75,543,3.5278066528066523,0.1,0.75,0.15
